project_uuid,project_name,photo_log_status,receipts_status
1df685fc-17ab-4eba-9c6f-b91ba65a0783,828 Jeffery Lane,200,200
508faf72-6edd-4d84-aba8-4376c76a30c1,1729 Monteagle Drive,200,200
3ede3a2c-0c25-4ccd-84f6-37dca2571c22,440 Woodland Court Northeast,200,200
4c9a46a6-7212-41a0-90f5-b62785474364,3215 Fortner Lane,200,200
bd4d44a9-d742-405e-ae4a-e69c65754b5b,2513 7th Street Northeast,200,200
85fd6677-7cea-424f-b056-30745971d96d,2308 Kala Street,200,200
e4555221-06cf-4140-b7f3-dade8f132060,2701 Eastern Valley Road,200,200
765720e7-f5f2-447d-9fa2-9aaa16417bdc,1017 Burnt Pine Lane,200,200
a38a8023-8a63-42ac-a38b-000f8c9e6587,533 River Crest Way,200,200
058497a2-f46c-4dc6-835b-20cef610d484,1125 Greystone Crest,200,200
e97a92f4-8a67-4b2c-9667-a95505643b89,193 Rena Drive,200,200
cac34cd4-906c-49fa-aa39-41bdb0174269,7624 Happy Hollow Road,200,200
35d87514-df2e-4ad8-8827-bc758f4ef859,2521 Arcadia Place,200,200
926fb82d-2f16-49a6-b21f-86c9a4ef08f4,1688 Brewster Road,200,200
da07daab-8d0e-40ad-b059-ac163f36d468,5364 Balboa Avenue,200,200
99aedea3-f37a-483a-8b2e-4b530599d7d2,901 Blackjack Road,200,200
05df5cef-191e-4fd6-9d59-8be6afa1ea1e,82 County Road 874,200,200
660a1a94-2867-48e7-9c5f-4db540c7104a,6279 Tyler Loop Road,200,200
aef92150-c9d4-4fcd-9599-c8d46b960ed6,5874 Dogwood Circle,200,200
6e8086a1-e590-4320-a7e6-af2ffaf4c1a0,505 Sunhill Road Northwest,200,200
09618744-1448-4510-8bd5-09aee816fe40,1676 Five Points Road,200,200
d718a1aa-5c9a-4981-bd3d-5ef4abb73cf8,5551 Timber Hill Road,200,200
f5c5e249-ecc7-4d37-9528-137256758f78,4676 Fairway Drive,200,200
c4abe550-57a9-4058-8cd6-0bf68dccd656,1118 Hale Circle,200,200
0243bb92-ae3f-4a05-81bf-c32e450dedfd,515 Karey Drive,200,200
ce4ef339-5ce5-4b05-aa49-d23b1c0e6832,7161 Roper Road,200,200
f3d4431e-1cc1-4a5e-a0a4-fff4c330d49e,2157 Parsons Drive,200,200
6ec24922-6e4d-4aa3-ad83-c83755ba691a,4320 Corinth Drive,200,200
04f26529-dc7c-4231-a316-eb7dc0e7cda9,5337 Pineneedle Drive,200,200
9cb8369d-bf9c-4e42-a36f-05acd9de194c,112 White Cap Circle,200,200
199b7da4-951f-4017-9592-20b744b63bb2,2825 2nd Way Northwest,200,200
a6541d8c-a09e-4f0c-be58-584f064e61fe,5400 J R Drive,200,200
46f6e042-fc44-4fe5-b0b0-b4c46bb57888,308 Killough Drive,200,200
cb9be0f6-9df0-4704-9027-303df26b159e,5609 Ridge View Drive,200,200
3448a51e-f2e1-45ae-8868-529ae366e7e0,316 Gemini Circle Northwest,200,200
6b5520c5-7082-481e-9fc1-6f3f24ab5808,508 Tambay Drive,200,200
7c81ffec-7b99-4dc8-a411-0eec59257e0f,1309 Springville Road,200,200
23719392-bb88-4166-8212-eb41dc4bb335,316 Willow Glen Court,200,200
a051bc40-e672-4482-b10b-2ddee7bd5dd9,1645 Barrington Lane Northeast,200,200
cd98b7b3-623a-43eb-9465-85e434301a7f,4545 Shocco Springs Road,200,200
e02c6242-e9ef-461b-ac1d-fc389e9769b7,2583 Hampstead Drive,200,200
2953799a-81d6-48a3-b794-3e574dae7837,380 Myrick Road,200,200
452422a6-c872-4052-91f2-227da0583a03,578 Shades Crest Road,200,200
4eb356e4-8643-4da3-bf6f-cc3248dc373b,3348 Overton Road,200,200
e07f7269-069d-40e9-8cbb-2ef30915ba80,1939 Westridge Drive,200,200
3af74b60-84fb-4c6c-aa59-3d1fe38b096e,4793 Longmeadow Drive,200,200
51508141-d2cf-46ca-8097-67da5dd31122,1006 Belcher Ferry Road,200,200
dc33447d-909d-4d5f-b413-2030271b08b6,2401 16th Street,200,200
509a4d80-2357-4d84-947d-556d879df50e,4038 Ida Lane,200,200
263820c5-5ee2-4638-a15b-5325ccf57ac2,601 Mermont Drive,200,200
e5b58b46-4987-4794-9587-b1c96b858317,3834 County Road 11,200,200
dad13c43-c304-4e2c-997a-a4619fe92757,1792 Whitmire Street,200,200
d2fc6494-9465-4056-a7df-049bd31db888,6094 Steeple Chase Drive,200,200
0be6b39b-e996-4206-9fdd-22acf9f030c8,9311 Dunnavant Valley Road,200,200
611ad975-5095-4001-b1f1-d195b71f9692,1557 Napoleon Drive,200,200
f478feaa-830e-407b-aabe-31ec795ea050,150 Beaver Ridge Drive,200,200
75ec9daf-e9c2-4734-965a-3fccb2a8db1b,2038 22nd Court South,200,200
b3450833-466a-4ba9-bca3-6ab531f4d7d7,424 County Road 3150,200,200
200d94bd-6a9a-4c25-9cce-a40066e4f345,141 Deer Park Drive,200,200
f21c3d22-c271-4a16-8a49-026aa7534605,512 Tambay Drive,200,200
5b68954c-7ff3-46b3-812e-27b82cad0d36,706 Berkley Drive,200,200
8d1ed47e-b1e1-4efa-9de9-5aab791c8b4c,10 Anderson Mountain Drive,200,200
